{
    "concrete": {
        "precision": 0.20689655172413793,
        "recall": 0.004934210526315789,
        "f1-score": 0.009638554216867469,
        "support": 1216
    },
    "gravel": {
        "precision": 0.5302013422818792,
        "recall": 0.7040998217468806,
        "f1-score": 0.6049004594180705,
        "support": 1683
    },
    "sand": {
        "precision": 0.43550295857988164,
        "recall": 0.6976303317535545,
        "f1-score": 0.5362477231329691,
        "support": 1055
    },
    "accuracy": 0.48735457764289325,
    "macro avg": {
        "precision": 0.39086695086196627,
        "recall": 0.4688881213422503,
        "f1-score": 0.3835955789226357,
        "support": 3954
    },
    "weighted avg": {
        "precision": 0.40550599070782234,
        "recall": 0.48735457764289325,
        "f1-score": 0.4035177802310586,
        "support": 3954
    },
    "C": 10,
    "gamma": 0.001,
    "time": 19.867083072662354
}